{"AG": 0.8, "KE": 0.138, "K12": 0.066, "EGPO": 0.0161, "TAYD": 40, "TAYS": 55, "VI": 0.12, "VG": 0.16, "F01": 0.0097, "N": 1400, "KA1": 0.0066, "KB1": 0.0003072, "KB2": 0.000492, "BW": 70, "KA2": 0.06, "KA3": 0.03, "KB3": 0.0016, "t1": 210, "t2": 390, "t3": 600, "t4": 750, "t5": 900, "d1": 10, "d2": 20, "d3": 10, "d4": 20, "d5": 10, "m1": 106.25, "m2": 57.0, "m3": 32.5, "m4": 86.5, "m5": 32.5}